step,num_proxies_before,split_region,split_region_error,seed_face,seed_face_error,total_error_after_lloyd
1,3,0,1.5877e-05,5743,9.80574e-10,3.85694e-07
2,4,3,8.13921e-06,4380,4.90087e-10,3.0731e-07
3,5,4,7.9015e-06,5153,3.97636e-10,2.45934e-07
4,6,0,8.19896e-06,2922,5.40312e-10,1.19338e-07
5,7,2,3.40691e-06,2642,2.01158e-10,7.93222e-08
