step,num_proxies_before,split_region,split_region_error,seed_face,seed_face_error,total_error_after_lloyd
1,3,0,0.847825,6997,2.95542e-05,0.0248611
2,4,1,0.572687,4255,1.95393e-05,0.0237925
3,5,4,0.592885,600,1.91787e-05,0.0188609
4,6,5,0.680449,1296,2.59068e-05,0.0169545
5,7,1,0.437719,2180,1.58215e-05,0.0158352
6,8,7,0.449673,191,1.42395e-05,0.0146981
7,9,8,0.488384,2185,1.82964e-05,0.014541
