proxy_id,is_valid,quadric_type,coeff_norm,h_condition,q_condition,region_error,invalid_reason,sigma_H_0,sigma_H_1,sigma_H_2,sigma_H_3,lambda_Q_0,lambda_Q_1,lambda_Q_2,sigma3_ratio
0,true,UNKNOWN,1,910.54,5.23394,2.28746e-06,"",0.764725,0.549713,0.146811,0.000839859,0,0,0,0.0057207
1,true,UNKNOWN,1,48268.2,24.8414,1.06701e-06,"",0.936078,0.154919,0.0375086,1.93933e-05,0,0,0,0.000517036
2,true,UNKNOWN,1,495.752,1.71234,1.14238e-06,"",0.724682,0.535053,0.424431,0.00146178,0,0,0,0.0034441
3,true,UNKNOWN,1,48058.6,55.5701,1.66212e-06,"",0.813261,0.280715,0.0147287,1.69223e-05,0,0,0,0.00114893
4,true,UNKNOWN,1,98128.8,49.7217,2.39166e-06,"",0.843341,0.14348,0.01696,8.59422e-06,0,0,0,0.000506735
5,true,UNKNOWN,1,2083.9,3.25958,1.16283e-06,"",0.854144,0.336628,0.26321,0.000409878,0,0,0,0.00155723
6,true,UNKNOWN,1,48676.5,19.0607,2.17479e-06,"",0.874449,0.367029,0.0463609,1.79645e-05,0,0,0,0.000387492
7,true,UNKNOWN,1,774.051,11.0499,3.52691e-07,"",0.720767,0.685985,0.0652916,0.000931162,0,0,0,0.0142616
