{
  "proxy_type": "quadric",
  "num_proxies": 3,
  "proxies": [
    {
      "coeffs": [0.137509, -0.00223844, -0.000523433, -0.00308739, -0.568993, 0.000411881, 0.00703908, -0.571748, 0.00490218, -0.574764],
      "num_faces": 1116,
      "region_error": 1.1651e-07
    },
    {
      "coeffs": [-0.136895, 0.00013563, 1.96966e-05, -0.000114106, 0.572344, -1.95973e-05, -0.000296428, 0.571539, -0.000252543, 0.57186],
      "num_faces": 3283,
      "region_error": 1.94991e-07
    },
    {
      "coeffs": [-0.13695, -0.00401127, -0.000796725, 0.00412012, 0.577974, 0.00820279, 0.000383399, 0.572645, -0.00357054, 0.564938],
      "num_faces": 721,
      "region_error": 1.16705e-07
    }
  ]
}
